rmse_I,rmse_Beta,time_predict,7,actual_peak_I,predicted_peak_I,actual_peak_day,predicted_peak_day
72848.60676998462,1.0544477963039605e-06,0.0,24,157884.0,207411.50090840488,32,38
54933.3446476445,1.3130187267200474e-06,0.0,24,166913.0,244363.89161200786,32,36
78354.33865363522,2.632474033367491e-06,0.0,12,110048.0,315756.78811364644,20,23
48090.502043246954,2.6181925505038983e-06,0.0,14,210339.0,323693.9205982976,22,21
54319.52393953246,2.217102361483349e-06,0.0,14,204098.0,303234.5762753766,22,24
69478.03122547948,1.3980407884982126e-06,0.0,20,127710.0,221675.22332258802,28,32
57140.764594676286,1.3368162040680328e-06,0.008019447326660156,18,131417.0,218780.6927551481,26,30
55535.39241699429,2.052840165344757e-06,0.010024785995483398,15,185717.0,269099.08125848655,23,24
57854.595564616946,1.97163053263129e-06,0.0,19,167525.0,264127.6231792195,27,29
53611.939716104804,2.629519809125206e-06,0.002004861831665039,15,161808.0,291736.9923064217,23,23
66964.90804720543,8.577169484124535e-07,0.0,22,118719.0,212798.76447920324,30,31
82907.8669157129,1.306566736589333e-06,0.0,18,193956.0,266247.8837935721,26,29
56805.25280694917,1.505464174798821e-06,0.0,18,233740.0,293263.6597511015,26,26
64360.155130366154,2.488000529399548e-06,0.0,14,172521.0,344753.0779986044,22,22
56333.01240325014,2.5506795416401987e-06,0.0,16,197553.0,344727.73787456146,24,24
60734.85986821565,1.0360508019131302e-06,0.0,23,133304.0,211769.62157979532,31,36
68045.96537234819,1.4886214265295178e-06,0.0,28,205971.0,260089.18685436613,36,37
64541.5387115749,2.1990783213701566e-06,0.0,14,164597.0,300009.23899554036,22,25
56841.07308169412,1.8936638193106312e-06,0.0,15,168489.0,290155.9169576365,23,22
59258.53671278025,1.3628672470059671e-06,0.0,18,177154.0,251617.7056368419,26,26
67450.78717947078,1.2163613509465493e-06,0.008020639419555664,22,97804.0,206837.98881231504,30,33
66552.72854960694,1.3987327909467357e-06,0.0,18,120783.0,229442.1477415619,26,27
57384.54707279584,1.7842650560236728e-06,0.002019166946411133,16,150754.0,257230.84048502118,24,25
64386.598512717435,2.805184479334158e-06,0.0,18,127680.0,295085.2567437144,26,27
54514.011391783,2.12655085780596e-06,0.0,16,188063.0,276912.6047205346,24,24
52419.25848786389,4.622036866293435e-07,0.0,23,111519.0,111685.22613122562,31,34
66904.23877877428,9.346365820155209e-07,0.0,18,146589.0,211835.52952252765,26,33
68555.54317246315,1.4975348161954613e-06,0.0,18,167683.0,283283.61484107916,26,28
62505.596514556164,2.3043275625016785e-06,0.0,13,182737.0,334528.33704461507,21,23
54100.87307615175,2.779858771875875e-06,0.0,16,209340.0,354641.1539926902,24,22
67238.3649643295,1.0356375841280676e-06,0.008138656616210938,29,131495.0,207823.7001737443,37,42
67574.486126775,1.891970885679431e-06,0.008019685745239258,21,136402.0,287422.48410934996,29,30
55016.44289010104,2.097928155802354e-06,0.0,13,161113.0,296100.1107617316,21,24
84010.45864865746,1.9949370192141506e-06,0.002016305923461914,13,96249.0,288947.3447314186,21,23
52731.11074856299,2.5333789373212587e-06,0.0020210742950439453,14,211394.0,322202.3062115661,22,21
58906.07095683489,9.937753295198585e-07,0.0,22,125431.0,181494.8620268131,30,35
75149.03341778196,2.00181766743873e-06,0.0,15,127201.0,263496.2663208952,23,26
58094.97332234695,1.7395284485764272e-06,0.0,17,167500.0,252131.0829181479,25,25
62003.90582477458,2.4974365412357525e-06,0.0,18,150875.0,288539.4311870881,26,26
52080.199634953235,2.5875464810327943e-06,0.0,16,181142.0,290039.8120073367,24,25
64839.18387440931,1.2340832595985113e-06,0.0,17,182040.0,261008.69944052259,25,29
56435.461171632014,1.156126699895789e-06,0.0,20,211000.0,255773.62624960643,28,30
56328.202552235234,1.280065882253768e-06,0.0,18,208631.0,265710.82929084735,26,29
56943.73375390265,1.646729802920733e-06,0.0,16,210332.0,304833.51760955,24,24
55414.9554369204,2.5777790931889108e-06,0.008020401000976562,15,235093.0,348636.7341787639,23,23
75702.88190807172,1.3247899452396433e-06,0.0,27,117029.0,246844.11177872983,35,36
67980.9483128878,2.091351461589165e-06,0.0,14,126265.0,294628.78749037854,22,25
54725.12108622701,2.8078707587116723e-06,0.0,13,199206.0,328171.9058901104,21,21
78425.10187796802,2.5661906935904668e-06,0.0,14,148240.0,316987.58622468647,22,23
62599.78767750673,1.1392833295990107e-06,0.0,24,112286.0,202886.3505710392,32,36
67464.22607661817,1.4250383585219825e-06,0.0,16,98202.0,222885.5851479149,24,29
53362.648639142484,1.9447698224976505e-06,0.0,16,171099.0,268379.98483065795,24,24
53435.42695789971,2.3677249032990035e-06,0.0,16,159763.0,286010.9085657947,24,24
57804.11426289885,1.908128833990731e-06,0.0,17,196511.0,261762.78419458272,25,27
76955.27864663208,1.0975510366511387e-06,0.0,19,167770.0,241730.00551881178,27,30
56992.82575593389,1.5093914625528004e-06,0.0,16,142359.0,290843.2440338771,24,26
60932.983200094655,1.5255989987739397e-06,0.0,17,195738.0,293523.156672392,25,26
69633.30952122733,2.3082100210052855e-06,0.008017301559448242,11,153508.0,335182.3854271383,19,23
59641.62407482854,1.981765003756557e-06,0.008232831954956055,17,218881.0,322472.7358887967,25,24
74452.3831514547,1.1092137138811025e-06,0.0,34,110461.0,214385.0328145672,42,49
55688.7037486803,1.6556455117228902e-06,0.0,21,145097.0,273107.4646583256,29,31
65276.28882250707,1.6414854334509267e-06,0.0020210742950439453,16,196252.0,271141.65431454324,24,26
72172.08259343942,2.6762006996478968e-06,0.0020329952239990234,13,109207.0,317994.1157840479,21,22
62035.704012551505,2.3799352198820364e-06,0.0,13,226708.0,308339.45320500643,21,23
55556.78771984423,1.255502644952713e-06,0.0,20,122444.0,215137.72828655766,28,31
55327.04034479284,1.5098880897783642e-06,0.0,16,150200.0,235119.77987738652,24,27
64964.45216502487,2.0793669788028253e-06,0.0,15,135750.0,268382.3360665038,23,25
60951.24509305282,1.810773348571482e-06,0.0,19,152495.0,253864.2875663498,27,28
55648.26241306349,2.682472566931956e-06,0.0,16,176585.0,295645.92049194063,24,24
66399.15096814315,1.1034063564783956e-06,0.0,18,168950.0,244686.9413437422,26,29
69313.02212575973,1.8021073803869864e-06,0.0,16,146709.0,308152.9452023795,24,26
56293.61504315799,1.3946263352025424e-06,0.0,17,241259.0,281452.5035165001,25,26
48453.452881268735,2.146891558392384e-06,0.0,14,262210.0,332710.51935380563,22,22
58799.21170599479,2.528457121349253e-06,0.0,17,200640.0,347692.0406999016,25,23
72244.43249753994,1.2284629137607682e-06,0.0,21,94321.0,231663.61069807477,29,34
64071.930986521904,1.6247470314421263e-06,0.0,22,128169.0,269438.68806272635,30,31
62361.62344526195,1.478897824631819e-06,0.008018732070922852,18,153827.0,263757.8924879833,26,26
51171.972235639216,2.4779950488204455e-06,0.0,14,227940.0,316547.5460032886,22,22
51005.95126725287,2.773634018403434e-06,0.0,13,186313.0,325815.19930815784,21,21
52222.62670884463,1.1564461590488894e-06,0.0,23,108501.0,205267.30747563933,31,34
65984.40578770314,8.995823227943593e-07,0.002018451690673828,19,129035.0,153074.8203271036,27,35
62843.32800377752,1.2748314589741546e-06,0.0010311603546142578,17,162378.0,215202.22770647932,25,27
55448.476809459804,2.769057426507911e-06,0.0,16,150760.0,296883.4466207339,24,25
49110.04704901513,2.495974977225967e-06,0.0,15,215993.0,288437.62515562034,23,24
46423.14079843703,9.943033774289034e-07,0.0,23,142269.0,183750.08230158337,31,32
61412.66768458045,1.1964380677676656e-06,0.0,22,131982.0,259708.06636359112,30,31
55221.08610799102,1.4282424575011709e-06,0.0,17,190562.0,282210.40756949387,25,27
49747.014431253345,1.7369383340187308e-06,0.0,15,201859.0,310796.32303395163,23,23
55154.63760244272,2.8686247029584123e-06,0.0,16,213427.0,357826.5975324742,24,22
72229.09432214106,1.3840105008496018e-06,0.0,26,139162.0,249016.97157629952,34,35
55616.699309886535,1.1901497815716377e-06,0.0,24,172901.0,237794.99099385864,32,34
53838.8109792765,1.9868703798783137e-06,0.0,16,204123.0,299861.54986857256,24,23
64917.99835107198,2.2809359367804654e-06,0.0,14,169482.0,311467.96834032924,22,21
60432.39906748561,2.695517182546297e-06,0.0,14,174779.0,322510.39534333505,22,22
64443.122742705935,1.2393774986774068e-06,0.0,20,110524.0,209129.60080680164,28,32
63877.523384939406,1.119754252482796e-06,0.008016586303710938,20,138385.0,204644.4705283653,28,28
60506.848183460366,1.997022797321229e-06,0.00023889541625976562,15,169428.0,266034.3896487212,23,24
56315.93435475177,2.6619884346244203e-06,0.0,17,191054.0,294363.2000437322,25,26
51011.8813645401,2.7902588918725454e-06,0.0,15,177748.0,297545.32996177196,23,24
57438.040277181906,9.282687150852361e-07,0.0020186901092529297,22,161508.0,228831.7624163059,30,31
75996.85573704564,1.5105693194247141e-06,0.0020227432250976562,16,194770.0,284544.51947392174,24,27
61639.23878355068,2.035162507840205e-06,0.0,14,153407.0,321170.28519591165,22,24
60925.13394589454,1.9817555493013136e-06,0.0,14,156166.0,325153.0426044507,22,21
51004.54953592163,2.6751662548511207e-06,0.0,16,221285.0,349406.3968484289,24,24
71628.09456919512,1.1341137349807415e-06,0.0,25,107015.0,217261.99475875316,33,40
65687.52125232184,1.1166929623024002e-06,0.0,25,118380.0,223553.14998321628,33,35
53368.47843258274,1.8113248088029238e-06,0.0,15,171520.0,284489.56484432495,23,24
57602.745180783975,1.4174395637669858e-06,0.0,18,193220.0,268095.5439237379,26,24
67295.00144354222,1.8505351418407046e-06,0.0,15,168485.0,289008.3958838745,23,23
61135.42282010993,9.02004142731805e-07,0.0,23,139344.0,158966.09329708558,31,42
57143.668589413544,1.7204459385023501e-06,0.0,15,150322.0,249144.5417648325,23,27
61972.92350057875,1.963896832623612e-06,0.0,16,167623.0,265475.8485826077,24,25
47859.548846336664,2.1659418905006164e-06,0.0,20,168632.0,277649.19405612466,28,28
51118.62579635313,2.9233681799128183e-06,0.0,16,174566.0,304231.8381625216,24,23
60689.427862830125,5.685659081012665e-07,0.0,24,110733.0,143844.72099576815,32,36
72647.66560562291,1.539548177278093e-06,0.0,15,182051.0,284481.68350212905,23,27
65766.64421302521,9.874850014098866e-07,0.0,20,174858.0,233214.50588847566,28,29
75359.62442035206,2.1871965738022606e-06,0.00023484230041503906,13,163549.0,329997.5188005511,21,22
56577.49111571241,2.0595091612292326e-06,0.0,17,243202.0,323472.26035888895,25,25
58889.72934790889,1.5925873692616593e-06,0.0,26,140128.0,268379.36416811537,34,36
56210.49497893652,1.5582832806218595e-06,0.0,17,195137.0,269339.4831117934,25,25
53069.85956835191,2.267033644469486e-06,0.0,14,217439.0,308182.79163501365,22,22
62121.19328466321,2.1806830910787833e-06,0.0,14,169806.0,301067.02289934503,22,23
58092.33111130785,1.1866027187220207e-06,0.0,24,172201.0,206381.72088763866,32,35
63688.98613739192,1.6102153233234125e-06,0.0,17,116912.0,239618.61990422412,25,29
55265.6249052,1.705689403394687e-06,0.0,16,180875.0,249394.17747337607,24,26
52845.44335944421,2.608721939932139e-06,0.0,17,174084.0,290904.3618657278,25,25
56100.35779408874,2.342755481064719e-06,0.0,18,183440.0,283721.3773669426,26,26
47096.40849931396,1.1720702996408358e-06,0.0,19,204042.0,264264.0208760699,27,28
66444.70264129869,1.2427012348638696e-06,0.0,19,198479.0,262269.4083886814,27,29
47948.44632731359,1.8458778619495805e-06,0.0,16,222819.0,316517.3239850468,24,24
52216.29768430342,1.939037221153968e-06,0.008022546768188477,15,224480.0,323857.1784464631,23,22
61105.18407545648,2.6753661403536263e-06,0.008096456527709961,17,190959.0,352885.6041625632,25,24
84037.29492878092,9.245107253333233e-07,0.0,25,114259.0,183411.13513679383,33,44
93409.61753604126,1.4845530797355008e-06,0.0,31,108802.0,252410.63835423478,39,46
50336.968180262214,2.3543890232195776e-06,0.0020189285278320312,15,206849.0,311966.22496519977,23,23
60374.14798153451,3.0993580089394638e-06,0.0,11,161857.0,332579.47959492577,19,21
62838.981439021874,1.8159185068003687e-06,0.0,15,217476.0,283859.5747103919,23,24
70475.12566781447,1.0388252994085211e-06,0.0,20,63898.0,182907.7992086996,28,36
60707.28931174574,1.579284641604323e-06,0.0,18,114051.0,240440.85341522045,26,28
59996.22849183026,1.7322481230502122e-06,0.0,16,168034.0,251594.4275973764,24,26
63284.030244226364,2.706832432889578e-06,0.0,16,147925.0,295498.49776575016,24,24
56404.216299595675,3.1924472144395187e-06,0.0,18,172644.0,308699.7748139611,26,26
71372.82627112685,1.199060149121286e-06,0.0,17,131469.0,251731.35889831843,25,30
73761.81820297164,1.4656089073732065e-06,0.0,16,114969.0,281160.85416111833,24,28
61013.24626165463,1.4120747607530184e-06,0.0,18,174594.0,287174.51275686803,26,25
62487.6773634627,1.6866047030200926e-06,0.0,15,138953.0,304884.1959185229,23,23
59666.77489022456,2.582270154431171e-06,0.0,16,205186.0,348841.92979415326,24,23
